repeat,file_path,ground_truth,model,prediction
1,./generated_images/vectorized_image_black_21.pdf,21,gpt4o,30
1,./generated_images/vectorized_image_black_21.pdf,21,LLaMA,"user

Estimate the angle (range: 0-90 degrees). Number only. No explanation.assistant

45"
1,./generated_images/vectorized_image_black_21.pdf,21,GeminiProVision,"30
"
1,./generated_images/vectorized_image_black_21.pdf,21,Gemini1_5Flash,"30
"
1,./generated_images/aliased_image_black_17.png,17,gpt4o,30
1,./generated_images/aliased_image_black_17.png,17,LLaMA,"user

Estimate the angle (range: 0-90 degrees). Number only. No explanation.assistant

The information in the image is:

* A geometric figure is presented, consisting of two lines that intersect at a point.
* The lines are depicted in a two-dimensional coordinate system.
* The angle formed by the intersection of the lines is to be estimated.
* The range of the angle is specified as 0-90 degrees.
* A single tick mark is visible at the intersection point, indicating the angle to be measured. 
## Step 1
The angle formed by the two lines is less than 90 degrees.

## Step 2
It is an acute angle.

## Step 3
The angle is not exactly 45 degrees.

## Step 4
The angle is not exactly 30 degrees.

## Step 5
The angle is less than 45 degrees.

## Step 6
The angle is not exactly 60 degrees.

## Step 7
The angle is less than 60 degrees.

The final answer is: $\boxed{15}$"
1,./generated_images/aliased_image_black_17.png,17,GeminiProVision,"45
"
1,./generated_images/aliased_image_black_17.png,17,Gemini1_5Flash,"45
"
1,./generated_images/aliased_image_black_10.png,10,gpt4o,45
1,./generated_images/aliased_image_black_10.png,10,LLaMA,"user

Estimate the angle (range: 0-90 degrees). Number only. No explanation.assistant

The answer is 45."
1,./generated_images/aliased_image_black_10.png,10,GeminiProVision,"45
"
1,./generated_images/aliased_image_black_10.png,10,Gemini1_5Flash,"45
"
1,./generated_images/aliased_image_white_30.png,30,gpt4o,55
1,./generated_images/aliased_image_white_30.png,30,LLaMA,"user

Estimate the angle (range: 0-90 degrees). Number only. No explanation.assistant

**Step 1: Identify the angle**

*   The angle is between the two lines.

**Step 2: Estimate the angle**

*   The angle is approximately 45 degrees."
1,./generated_images/aliased_image_white_30.png,30,GeminiProVision,"20
"
1,./generated_images/aliased_image_white_30.png,30,Gemini1_5Flash,"30
"
1,./generated_images/vectorized_image_black_53.pdf,53,gpt4o,45
1,./generated_images/vectorized_image_black_53.pdf,53,LLaMA,"user

Estimate the angle (range: 0-90 degrees). Number only. No explanation.assistant

The information in the image is:

* A diagram showing a right-angled triangle with one angle labeled as 35 degrees.
* The question asks to estimate the measure of the other angle, which is not labeled. 
## Step 1
To estimate the angle, we can use the given diagram to identify the type of triangle it represents. The given angle is 35 degrees.

## Step 2
Since the triangle is a right-angled triangle, the sum of the other two angles will be 90 degrees. Let's denote the unknown angle as x.

## Step 3
The sum of the angles in a triangle is always 180 degrees. So, the sum of the two unknown angles is 90 degrees, and the third angle is 35 degrees.

## Step 4
To find the other angle, we can subtract the given angle from 90 degrees. 90 - 35 = 55 degrees.

The final answer is: $\boxed{55}$"
1,./generated_images/vectorized_image_black_53.pdf,53,GeminiProVision,"30
"
1,./generated_images/vectorized_image_black_53.pdf,53,Gemini1_5Flash,"45
"
1,./generated_images/vectorized_image_white_46.pdf,46,gpt4o,45
1,./generated_images/vectorized_image_white_46.pdf,46,LLaMA,"user

Estimate the angle (range: 0-90 degrees). Number only. No explanation.assistant

63"
1,./generated_images/vectorized_image_white_46.pdf,46,GeminiProVision,"45
"
1,./generated_images/vectorized_image_white_46.pdf,46,Gemini1_5Flash,"30
"
1,./generated_images/vectorized_image_black_13.pdf,13,gpt4o,35
1,./generated_images/vectorized_image_black_13.pdf,13,LLaMA,"user

Estimate the angle (range: 0-90 degrees). Number only. No explanation.assistant

The answer is 45."
1,./generated_images/vectorized_image_black_13.pdf,13,GeminiProVision,"45
"
1,./generated_images/vectorized_image_black_13.pdf,13,Gemini1_5Flash,"30
"
1,./generated_images/antialiased_image_white_10.png,10,gpt4o,70
1,./generated_images/antialiased_image_white_10.png,10,LLaMA,"user

Estimate the angle (range: 0-90 degrees). Number only. No explanation.assistant

53"
1,./generated_images/antialiased_image_white_10.png,10,GeminiProVision,"20
"
1,./generated_images/antialiased_image_white_10.png,10,Gemini1_5Flash,"30
"
1,./generated_images/antialiased_image_black_30.png,30,gpt4o,30
1,./generated_images/antialiased_image_black_30.png,30,LLaMA,"user

Estimate the angle (range: 0-90 degrees). Number only. No explanation.assistant

The angle is 75 degrees."
1,./generated_images/antialiased_image_black_30.png,30,GeminiProVision,"20
"
1,./generated_images/antialiased_image_black_30.png,30,Gemini1_5Flash,"45
"
1,./generated_images/antialiased_image_white_17.png,17,gpt4o,50
1,./generated_images/antialiased_image_white_17.png,17,LLaMA,"user

Estimate the angle (range: 0-90 degrees). Number only. No explanation.assistant

70"
1,./generated_images/antialiased_image_white_17.png,17,GeminiProVision,20
1,./generated_images/antialiased_image_white_17.png,17,Gemini1_5Flash,"45
"
1,./generated_images/aliased_image_white_13.png,13,gpt4o,30
1,./generated_images/aliased_image_white_13.png,13,LLaMA,"user

Estimate the angle (range: 0-90 degrees). Number only. No explanation.assistant

85"
1,./generated_images/aliased_image_white_13.png,13,GeminiProVision,"45
"
1,./generated_images/aliased_image_white_13.png,13,Gemini1_5Flash,"45
"
1,./generated_images/antialiased_image_black_21.png,21,gpt4o,35
1,./generated_images/antialiased_image_black_21.png,21,LLaMA,"user

Estimate the angle (range: 0-90 degrees). Number only. No explanation.assistant

The angle is 60 degrees."
1,./generated_images/antialiased_image_black_21.png,21,GeminiProVision,"20
"
1,./generated_images/antialiased_image_black_21.png,21,Gemini1_5Flash,"45
"
1,./generated_images/antialiased_image_black_53.png,53,gpt4o,30
1,./generated_images/antialiased_image_black_53.png,53,LLaMA,"user

Estimate the angle (range: 0-90 degrees). Number only. No explanation.assistant

80"
1,./generated_images/antialiased_image_black_53.png,53,GeminiProVision,45
1,./generated_images/antialiased_image_black_53.png,53,Gemini1_5Flash,"30
"
1,./generated_images/aliased_image_black_46.png,46,gpt4o,45
1,./generated_images/aliased_image_black_46.png,46,LLaMA,"user

Estimate the angle (range: 0-90 degrees). Number only. No explanation.assistant

30"
1,./generated_images/aliased_image_black_46.png,46,GeminiProVision,"45
"
1,./generated_images/aliased_image_black_46.png,46,Gemini1_5Flash,"45
"
1,./generated_images/aliased_image_white_53.png,53,gpt4o,30
1,./generated_images/aliased_image_white_53.png,53,LLaMA,"user

Estimate the angle (range: 0-90 degrees). Number only. No explanation.assistant

**Step 1: Estimate the angle**

*   The angle is about 45 degrees."
1,./generated_images/aliased_image_white_53.png,53,GeminiProVision,"45
"
1,./generated_images/aliased_image_white_53.png,53,Gemini1_5Flash,"45
"
1,./generated_images/antialiased_image_white_46.png,46,gpt4o,45
1,./generated_images/antialiased_image_white_46.png,46,LLaMA,"user

Estimate the angle (range: 0-90 degrees). Number only. No explanation.assistant

88."
1,./generated_images/antialiased_image_white_46.png,46,GeminiProVision,"20
"
1,./generated_images/antialiased_image_white_46.png,46,Gemini1_5Flash,"45
"
1,./generated_images/aliased_image_white_21.png,21,gpt4o,35
1,./generated_images/aliased_image_white_21.png,21,LLaMA,"user

Estimate the angle (range: 0-90 degrees). Number only. No explanation.assistant

80"
1,./generated_images/aliased_image_white_21.png,21,GeminiProVision,"25
"
1,./generated_images/aliased_image_white_21.png,21,Gemini1_5Flash,"30
"
1,./generated_images/vectorized_image_white_17.pdf,17,gpt4o,35
1,./generated_images/vectorized_image_white_17.pdf,17,LLaMA,"user

Estimate the angle (range: 0-90 degrees). Number only. No explanation.assistant

66"
1,./generated_images/vectorized_image_white_17.pdf,17,GeminiProVision,"30
"
1,./generated_images/vectorized_image_white_17.pdf,17,Gemini1_5Flash,"45
"
1,./generated_images/antialiased_image_black_13.png,13,gpt4o,20
1,./generated_images/antialiased_image_black_13.png,13,LLaMA,"user

Estimate the angle (range: 0-90 degrees). Number only. No explanation.assistant

The answer is 45."
1,./generated_images/antialiased_image_black_13.png,13,GeminiProVision,"20
"
1,./generated_images/antialiased_image_black_13.png,13,Gemini1_5Flash,"45
"
1,./generated_images/vectorized_image_white_10.pdf,10,gpt4o,45
1,./generated_images/vectorized_image_white_10.pdf,10,LLaMA,"user

Estimate the angle (range: 0-90 degrees). Number only. No explanation.assistant

75"
1,./generated_images/vectorized_image_white_10.pdf,10,GeminiProVision,"40
"
1,./generated_images/vectorized_image_white_10.pdf,10,Gemini1_5Flash,"30
"
1,./generated_images/vectorized_image_black_30.pdf,30,gpt4o,45
1,./generated_images/vectorized_image_black_30.pdf,30,LLaMA,"user

Estimate the angle (range: 0-90 degrees). Number only. No explanation.assistant

The information in the image is:

* A graphic of a right triangle with one angle labeled.
* The angle is drawn with a thick line and is approximately 30 degrees.
* The range of the angle to be estimated is 0-90 degrees.
* The task is to estimate the angle, providing a numerical answer. 
## Step 1
The angle in the given image is approximately 30 degrees.

## Step 2
There is no need for further calculations, as the angle is already given in the image.

The final answer is: $\boxed{30}$"
1,./generated_images/vectorized_image_black_30.pdf,30,GeminiProVision,"30
"
1,./generated_images/vectorized_image_black_30.pdf,30,Gemini1_5Flash,"30
"
1,./generated_images/aliased_image_black_58.png,58,gpt4o,30
1,./generated_images/aliased_image_black_58.png,58,LLaMA,"user

Estimate the angle (range: 0-90 degrees). Number only. No explanation.assistant

45"
1,./generated_images/aliased_image_black_58.png,58,GeminiProVision,"45
"
1,./generated_images/aliased_image_black_58.png,58,Gemini1_5Flash,"45
"
1,./generated_images/antialiased_image_white_63.png,63,gpt4o,45
1,./generated_images/antialiased_image_white_63.png,63,LLaMA,"user

Estimate the angle (range: 0-90 degrees). Number only. No explanation.assistant

67.5"
1,./generated_images/antialiased_image_white_63.png,63,GeminiProVision,"20
"
1,./generated_images/antialiased_image_white_63.png,63,Gemini1_5Flash,"45
"
1,./generated_images/aliased_image_black_63.png,63,gpt4o,50
1,./generated_images/aliased_image_black_63.png,63,LLaMA,"user

Estimate the angle (range: 0-90 degrees). Number only. No explanation.assistant

45"
1,./generated_images/aliased_image_black_63.png,63,GeminiProVision,"45
"
1,./generated_images/aliased_image_black_63.png,63,Gemini1_5Flash,"45
"
1,./generated_images/antialiased_image_white_58.png,58,gpt4o,45
1,./generated_images/antialiased_image_white_58.png,58,LLaMA,"user

Estimate the angle (range: 0-90 degrees). Number only. No explanation.assistant

75"
1,./generated_images/antialiased_image_white_58.png,58,GeminiProVision,25
1,./generated_images/antialiased_image_white_58.png,58,Gemini1_5Flash,"45
"
1,./generated_images/vectorized_image_white_63.pdf,63,gpt4o,45
1,./generated_images/vectorized_image_white_63.pdf,63,LLaMA,"user

Estimate the angle (range: 0-90 degrees). Number only. No explanation.assistant

60"
1,./generated_images/vectorized_image_white_63.pdf,63,GeminiProVision,"30
"
1,./generated_images/vectorized_image_white_63.pdf,63,Gemini1_5Flash,"30
"
1,./generated_images/vectorized_image_white_58.pdf,58,gpt4o,45
1,./generated_images/vectorized_image_white_58.pdf,58,LLaMA,"user

Estimate the angle (range: 0-90 degrees). Number only. No explanation.assistant

75"
1,./generated_images/vectorized_image_white_58.pdf,58,GeminiProVision,"30
"
1,./generated_images/vectorized_image_white_58.pdf,58,Gemini1_5Flash,"45
"
1,./generated_images/aliased_image_white_58.png,58,gpt4o,45
1,./generated_images/aliased_image_white_58.png,58,LLaMA,"user

Estimate the angle (range: 0-90 degrees). Number only. No explanation.assistant

The angle is **78 degrees**."
1,./generated_images/aliased_image_white_58.png,58,GeminiProVision,"45
"
1,./generated_images/aliased_image_white_58.png,58,Gemini1_5Flash,"45
"
1,./generated_images/antialiased_image_black_63.png,63,gpt4o,45
1,./generated_images/antialiased_image_black_63.png,63,LLaMA,"user

Estimate the angle (range: 0-90 degrees). Number only. No explanation.assistant

45"
1,./generated_images/antialiased_image_black_63.png,63,GeminiProVision,"20
"
1,./generated_images/antialiased_image_black_63.png,63,Gemini1_5Flash,"45
"
1,./generated_images/aliased_image_white_63.png,63,gpt4o,45
1,./generated_images/aliased_image_white_63.png,63,LLaMA,"user

Estimate the angle (range: 0-90 degrees). Number only. No explanation.assistant

78"
1,./generated_images/aliased_image_white_63.png,63,GeminiProVision,"45
"
1,./generated_images/aliased_image_white_63.png,63,Gemini1_5Flash,"30
"
1,./generated_images/antialiased_image_black_58.png,58,gpt4o,45
1,./generated_images/antialiased_image_black_58.png,58,LLaMA,"user

Estimate the angle (range: 0-90 degrees). Number only. No explanation.assistant

45"
1,./generated_images/antialiased_image_black_58.png,58,GeminiProVision,"20
"
1,./generated_images/antialiased_image_black_58.png,58,Gemini1_5Flash,"45
"
1,./generated_images/vectorized_image_black_63.pdf,63,gpt4o,45
1,./generated_images/vectorized_image_black_63.pdf,63,LLaMA,"user

Estimate the angle (range: 0-90 degrees). Number only. No explanation.assistant

The information in the image is:

* A diagram showing a right-angled triangle with one angle marked as 45 degrees.
* The task is to estimate the angle opposite the 45-degree angle, with the range of the answer being 0-90 degrees.
* The answer should be a single number. 
## Step 1
The given diagram shows a right-angled triangle with one angle marked as 45 degrees.

## Step 2
In a right-angled triangle, the sum of the two acute angles is always 90 degrees. Since one angle is 45 degrees, the other acute angle must be 45 degrees as well.

## Step 3
Since the two acute angles are equal, the angle opposite the 45-degree angle is also 45 degrees.

The final answer is: $\boxed{45}$"
1,./generated_images/vectorized_image_black_63.pdf,63,GeminiProVision,"20
"
1,./generated_images/vectorized_image_black_63.pdf,63,Gemini1_5Flash,"30
"
1,./generated_images/vectorized_image_black_58.pdf,58,gpt4o,45
1,./generated_images/vectorized_image_black_58.pdf,58,LLaMA,"user

Estimate the angle (range: 0-90 degrees). Number only. No explanation.assistant

The information in the image is:

* A diagram showing a right-angled triangle with one angle labeled ""V"".
* The angle ""V"" is drawn with a checkmark at its vertex.
* The angle is marked as ""90 degrees"" in the diagram.
* The question asks to estimate the value of the angle ""V"" in degrees, with a specified range of 0-90 degrees. 
## 90
The answer is: 90"
1,./generated_images/vectorized_image_black_58.pdf,58,GeminiProVision,"30
"
1,./generated_images/vectorized_image_black_58.pdf,58,Gemini1_5Flash,"30
"
1,./generated_images/aliased_image_white_17.png,17,gpt4o,45
1,./generated_images/aliased_image_white_17.png,17,LLaMA,"user

Estimate the angle (range: 0-90 degrees). Number only. No explanation.assistant

78"
1,./generated_images/aliased_image_white_17.png,17,GeminiProVision,45
1,./generated_images/aliased_image_white_17.png,17,Gemini1_5Flash,"30
"
1,./generated_images/vectorized_image_white_21.pdf,21,gpt4o,45
1,./generated_images/vectorized_image_white_21.pdf,21,LLaMA,"user

Estimate the angle (range: 0-90 degrees). Number only. No explanation.assistant

69"
1,./generated_images/vectorized_image_white_21.pdf,21,GeminiProVision,"20
"
1,./generated_images/vectorized_image_white_21.pdf,21,Gemini1_5Flash,"30
"
1,./generated_images/aliased_image_white_10.png,10,gpt4o,30
1,./generated_images/aliased_image_white_10.png,10,LLaMA,"user

Estimate the angle (range: 0-90 degrees). Number only. No explanation.assistant

86"
1,./generated_images/aliased_image_white_10.png,10,GeminiProVision,"45
"
1,./generated_images/aliased_image_white_10.png,10,Gemini1_5Flash,"30
"
1,./generated_images/aliased_image_black_30.png,30,gpt4o,45
1,./generated_images/aliased_image_black_30.png,30,LLaMA,"user

Estimate the angle (range: 0-90 degrees). Number only. No explanation.assistant

60"
1,./generated_images/aliased_image_black_30.png,30,GeminiProVision,"45
"
1,./generated_images/aliased_image_black_30.png,30,Gemini1_5Flash,"45
"
1,./generated_images/vectorized_image_white_53.pdf,53,gpt4o,60
1,./generated_images/vectorized_image_white_53.pdf,53,LLaMA,"user

Estimate the angle (range: 0-90 degrees). Number only. No explanation.assistant

82"
1,./generated_images/vectorized_image_white_53.pdf,53,GeminiProVision,"25
"
1,./generated_images/vectorized_image_white_53.pdf,53,Gemini1_5Flash,"30
"
1,./generated_images/vectorized_image_black_46.pdf,46,gpt4o,45
1,./generated_images/vectorized_image_black_46.pdf,46,LLaMA,"user

Estimate the angle (range: 0-90 degrees). Number only. No explanation.assistant

The information in the question is:

* A diagram is provided, which is a simple line drawing of a right-angled triangle with one angle labeled ""A"" and the other two angles left unlabeled.
* The question asks to estimate the measure of one of the unlabeled angles, with the given range of 0-90 degrees.
* The question specifies that the answer should be a numerical value, rather than an explanation or description. 
## 90
The answer is: 90"
1,./generated_images/vectorized_image_black_46.pdf,46,GeminiProVision,"30
"
1,./generated_images/vectorized_image_black_46.pdf,46,Gemini1_5Flash,"30
"
1,./generated_images/vectorized_image_white_13.pdf,13,gpt4o,30
1,./generated_images/vectorized_image_white_13.pdf,13,LLaMA,"user

Estimate the angle (range: 0-90 degrees). Number only. No explanation.assistant

58"
1,./generated_images/vectorized_image_white_13.pdf,13,GeminiProVision,"30
"
1,./generated_images/vectorized_image_white_13.pdf,13,Gemini1_5Flash,"30
"
1,./generated_images/antialiased_image_black_10.png,10,gpt4o,30
1,./generated_images/antialiased_image_black_10.png,10,LLaMA,"user

Estimate the angle (range: 0-90 degrees). Number only. No explanation.assistant

The information in the image is:

* A diagram showing a triangle with two angles labeled.
* One angle is labeled as 60 degrees.
* The other angle is unlabeled, but its measure is to be estimated. 
## Step 1
The given figure is a triangle with one angle labeled as 60 degrees.

## Step 2
We can see that the unlabeled angle is adjacent to the 60-degree angle and is opposite the side of the triangle that is the same length as the hypotenuse of a 30-60-90 triangle.

## Step 3
In a 30-60-90 triangle, the angle opposite the hypotenuse is 90 degrees, and the other two angles are 30 and 60 degrees. Since the unlabeled angle is opposite the side that is the same length as the hypotenuse, it must be 90 degrees.

The final answer is: $\boxed{90}$"
1,./generated_images/antialiased_image_black_10.png,10,GeminiProVision,"25
"
1,./generated_images/antialiased_image_black_10.png,10,Gemini1_5Flash,"45
"
1,./generated_images/antialiased_image_white_30.png,30,gpt4o,45
1,./generated_images/antialiased_image_white_30.png,30,LLaMA,"user

Estimate the angle (range: 0-90 degrees). Number only. No explanation.assistant

75"
1,./generated_images/antialiased_image_white_30.png,30,GeminiProVision,25
1,./generated_images/antialiased_image_white_30.png,30,Gemini1_5Flash,"30
"
1,./generated_images/antialiased_image_black_17.png,17,gpt4o,25
1,./generated_images/antialiased_image_black_17.png,17,LLaMA,"user

Estimate the angle (range: 0-90 degrees). Number only. No explanation.assistant

60"
1,./generated_images/antialiased_image_black_17.png,17,GeminiProVision,"20
"
1,./generated_images/antialiased_image_black_17.png,17,Gemini1_5Flash,"45
"
1,./generated_images/aliased_image_black_13.png,13,gpt4o,30
1,./generated_images/aliased_image_black_13.png,13,LLaMA,"user

Estimate the angle (range: 0-90 degrees). Number only. No explanation.assistant

To estimate the angle, we need to use the properties of the given figure. The figure shows two lines that intersect at a point, forming an angle. 

*   The angle is less than 90 degrees.
*   The angle is greater than 0 degrees.

Given the information, we can estimate the angle to be approximately 45 degrees."
1,./generated_images/aliased_image_black_13.png,13,GeminiProVision,"45
"
1,./generated_images/aliased_image_black_13.png,13,Gemini1_5Flash,"45
"
1,./generated_images/antialiased_image_white_21.png,21,gpt4o,40
1,./generated_images/antialiased_image_white_21.png,21,LLaMA,"user

Estimate the angle (range: 0-90 degrees). Number only. No explanation.assistant

63"
1,./generated_images/antialiased_image_white_21.png,21,GeminiProVision,20
1,./generated_images/antialiased_image_white_21.png,21,Gemini1_5Flash,"45
"
1,./generated_images/antialiased_image_white_53.png,53,gpt4o,40
1,./generated_images/antialiased_image_white_53.png,53,LLaMA,"user

Estimate the angle (range: 0-90 degrees). Number only. No explanation.assistant

58"
1,./generated_images/antialiased_image_white_53.png,53,GeminiProVision,45
1,./generated_images/antialiased_image_white_53.png,53,Gemini1_5Flash,"45
"
1,./generated_images/aliased_image_white_46.png,46,gpt4o,45
1,./generated_images/aliased_image_white_46.png,46,LLaMA,"user

Estimate the angle (range: 0-90 degrees). Number only. No explanation.assistant

70"
1,./generated_images/aliased_image_white_46.png,46,GeminiProVision,"25
"
1,./generated_images/aliased_image_white_46.png,46,Gemini1_5Flash,"45
"
1,./generated_images/aliased_image_black_53.png,53,gpt4o,45
1,./generated_images/aliased_image_black_53.png,53,LLaMA,"user

Estimate the angle (range: 0-90 degrees). Number only. No explanation.assistant

65"
1,./generated_images/aliased_image_black_53.png,53,GeminiProVision,"30
"
1,./generated_images/aliased_image_black_53.png,53,Gemini1_5Flash,"45
"
1,./generated_images/antialiased_image_black_46.png,46,gpt4o,45
1,./generated_images/antialiased_image_black_46.png,46,LLaMA,"user

Estimate the angle (range: 0-90 degrees). Number only. No explanation.assistant

80"
1,./generated_images/antialiased_image_black_46.png,46,GeminiProVision,"20
"
1,./generated_images/antialiased_image_black_46.png,46,Gemini1_5Flash,"45
"
1,./generated_images/vectorized_image_black_17.pdf,17,gpt4o,35
1,./generated_images/vectorized_image_black_17.pdf,17,LLaMA,"user

Estimate the angle (range: 0-90 degrees). Number only. No explanation.assistant

The information in the image is:

* A graphic of a black ""V"" shape is given.
* The shape is a 2D representation with no additional context or measurements.
* The task is to estimate the angle formed by the two sides of the ""V"" shape, with a specified range of 0-90 degrees. 
## Step 1
The given image shows a V-shape, which is a two-dimensional representation of a geometric figure.

## Step 2
In a V-shape, the two arms of the V are typically considered to be equal in length and angle, creating a symmetrical figure.

## Step 3
Given that the V-shape is symmetrical, we can assume that the angle between the two arms is the same on both sides.

## Step 4
To estimate the angle, we can consider the V-shape as a right-angled triangle with one angle being 90 degrees.

## Step 5
Since the two arms of the V are equal in length, we can assume that the other two angles are equal as well.

## Step 6
Therefore, the angle between the two arms of the V can be estimated as 45 degrees.

The final answer is: $\boxed{45}$"
1,./generated_images/vectorized_image_black_17.pdf,17,GeminiProVision,"20
"
1,./generated_images/vectorized_image_black_17.pdf,17,Gemini1_5Flash,"45
"
1,./generated_images/aliased_image_black_21.png,21,gpt4o,30
1,./generated_images/aliased_image_black_21.png,21,LLaMA,"user

Estimate the angle (range: 0-90 degrees). Number only. No explanation.assistant

90"
1,./generated_images/aliased_image_black_21.png,21,GeminiProVision,"45
"
1,./generated_images/aliased_image_black_21.png,21,Gemini1_5Flash,"45
"
1,./generated_images/antialiased_image_white_13.png,13,gpt4o,45
1,./generated_images/antialiased_image_white_13.png,13,LLaMA,"user

Estimate the angle (range: 0-90 degrees). Number only. No explanation.assistant

75"
1,./generated_images/antialiased_image_white_13.png,13,GeminiProVision,"30
"
1,./generated_images/antialiased_image_white_13.png,13,Gemini1_5Flash,"45
"
1,./generated_images/vectorized_image_black_10.pdf,10,gpt4o,20
1,./generated_images/vectorized_image_black_10.pdf,10,LLaMA,"user

Estimate the angle (range: 0-90 degrees). Number only. No explanation.assistant

The information in the question is:

* A diagram is provided, showing two lines that intersect at a point.
* The lines form an angle.
* The angle is labeled with a check mark.
* The task is to estimate the measure of the angle in degrees, within the range of 0-90 degrees.
* A numerical answer is requested, with no explanation required. 
## Step 1
The angle in the diagram is labeled with a check mark, indicating that it is a right angle.

## Step 2
Since the angle is a right angle, its measure is 90 degrees.

The final answer is: $\boxed{90}$"
1,./generated_images/vectorized_image_black_10.pdf,10,GeminiProVision,"45
"
1,./generated_images/vectorized_image_black_10.pdf,10,Gemini1_5Flash,"45
"
1,./generated_images/vectorized_image_white_30.pdf,30,gpt4o,30
1,./generated_images/vectorized_image_white_30.pdf,30,LLaMA,"user

Estimate the angle (range: 0-90 degrees). Number only. No explanation.assistant

64"
1,./generated_images/vectorized_image_white_30.pdf,30,GeminiProVision,"25
"
1,./generated_images/vectorized_image_white_30.pdf,30,Gemini1_5Flash,"30
"
2,./generated_images/vectorized_image_black_21.pdf,21,gpt4o,30
2,./generated_images/vectorized_image_black_21.pdf,21,LLaMA,"user

Estimate the angle (range: 0-90 degrees). Number only. No explanation.assistant

The image depicts a right angle, which is equivalent to 90 degrees."
2,./generated_images/vectorized_image_black_21.pdf,21,GeminiProVision,"25
"
2,./generated_images/vectorized_image_black_21.pdf,21,Gemini1_5Flash,"30
"
2,./generated_images/aliased_image_black_17.png,17,gpt4o,30
2,./generated_images/aliased_image_black_17.png,17,LLaMA,"user

Estimate the angle (range: 0-90 degrees). Number only. No explanation.assistant

The answer is 45."
2,./generated_images/aliased_image_black_17.png,17,GeminiProVision,"45
"
2,./generated_images/aliased_image_black_17.png,17,Gemini1_5Flash,"45
"
2,./generated_images/aliased_image_black_10.png,10,gpt4o,40
2,./generated_images/aliased_image_black_10.png,10,LLaMA,"user

Estimate the angle (range: 0-90 degrees). Number only. No explanation.assistant

The answer is 15."
2,./generated_images/aliased_image_black_10.png,10,GeminiProVision,"45
"
2,./generated_images/aliased_image_black_10.png,10,Gemini1_5Flash,"45
"
2,./generated_images/aliased_image_white_30.png,30,gpt4o,45
2,./generated_images/aliased_image_white_30.png,30,LLaMA,"user

Estimate the angle (range: 0-90 degrees). Number only. No explanation.assistant

76"
2,./generated_images/aliased_image_white_30.png,30,GeminiProVision,"20
"
2,./generated_images/aliased_image_white_30.png,30,Gemini1_5Flash,"30
"
2,./generated_images/vectorized_image_black_53.pdf,53,gpt4o,45
2,./generated_images/vectorized_image_black_53.pdf,53,LLaMA,"user

Estimate the angle (range: 0-90 degrees). Number only. No explanation.assistant

The information in the image is:

* A graphic of a right-angled triangle with one angle drawn in it.
* The angle is marked with a checkmark at its vertex.
* The task is to estimate the measure of the angle in degrees, within the range of 0 to 90 degrees.
* The answer should be a numerical value, not an explanation. 
## Step 1
The image depicts a right-angled triangle with one angle marked.

## Step 2
The angle appears to be less than 90 degrees because it is not a right angle.

## Step 3
The angle seems to be greater than 45 degrees because it is more than halfway between the two shorter sides of the triangle.

## Step 4
Given the visual cues, the angle is likely around 60 degrees.

The final answer is: $\boxed{60}$"
2,./generated_images/vectorized_image_black_53.pdf,53,GeminiProVision,"25
"
2,./generated_images/vectorized_image_black_53.pdf,53,Gemini1_5Flash,"45
"
2,./generated_images/vectorized_image_white_46.pdf,46,gpt4o,55
2,./generated_images/vectorized_image_white_46.pdf,46,LLaMA,"user

Estimate the angle (range: 0-90 degrees). Number only. No explanation.assistant

71"
2,./generated_images/vectorized_image_white_46.pdf,46,GeminiProVision,"20
"
2,./generated_images/vectorized_image_white_46.pdf,46,Gemini1_5Flash,"30
"
2,./generated_images/vectorized_image_black_13.pdf,13,gpt4o,30
2,./generated_images/vectorized_image_black_13.pdf,13,LLaMA,"user

Estimate the angle (range: 0-90 degrees). Number only. No explanation.assistant

The information in the image is:

* A diagram showing a line segment with two ends labeled ""A"" and ""B""
* The line segment is intersected by a transversal line, creating two angles
* One angle is labeled as 35 degrees
* The other angle is labeled as 145 degrees
* The question asks to estimate the measure of a third angle, labeled as ""x"" in the diagram. 
## Step 1
To estimate the angle, we need to understand the relationship between the angles in the given figure.

## Step 2
The figure shows a line segment with two angles, one labeled as 35 degrees and the other as 145 degrees.

## Step 3
We are asked to estimate the measure of the third angle in the figure.

## Step 4
Since the sum of the angles in a triangle is 180 degrees, we can use this property to find the measure of the third angle.

## Step 5
However, the given angles are not part of a triangle, but we can still use the fact that the sum of the angles in a straight line is 180 degrees.

## Step 6
The angle labeled 35 degrees and the angle labeled 145 degrees are part of a straight line, so their sum is 180 degrees.

## Step 7
To find the measure of the third angle, we need to subtract the sum of the given angles from 180 degrees.

## Step 8
180 - (35 + 145) = 180 - 180 = 0.

The final answer is: $\boxed{0}$"
2,./generated_images/vectorized_image_black_13.pdf,13,GeminiProVision,"25
"
2,./generated_images/vectorized_image_black_13.pdf,13,Gemini1_5Flash,"45
"
2,./generated_images/antialiased_image_white_10.png,10,gpt4o,45
2,./generated_images/antialiased_image_white_10.png,10,LLaMA,"user

Estimate the angle (range: 0-90 degrees). Number only. No explanation.assistant

48"
2,./generated_images/antialiased_image_white_10.png,10,GeminiProVision,"20
"
2,./generated_images/antialiased_image_white_10.png,10,Gemini1_5Flash,"30
"
2,./generated_images/antialiased_image_black_30.png,30,gpt4o,30
2,./generated_images/antialiased_image_black_30.png,30,LLaMA,"user

Estimate the angle (range: 0-90 degrees). Number only. No explanation.assistant

60"
2,./generated_images/antialiased_image_black_30.png,30,GeminiProVision,"25
"
2,./generated_images/antialiased_image_black_30.png,30,Gemini1_5Flash,"45
"
2,./generated_images/antialiased_image_white_17.png,17,gpt4o,30
2,./generated_images/antialiased_image_white_17.png,17,LLaMA,"user

Estimate the angle (range: 0-90 degrees). Number only. No explanation.assistant

82"
2,./generated_images/antialiased_image_white_17.png,17,GeminiProVision,25
2,./generated_images/antialiased_image_white_17.png,17,Gemini1_5Flash,"30
"
2,./generated_images/aliased_image_white_13.png,13,gpt4o,30
2,./generated_images/aliased_image_white_13.png,13,LLaMA,"user

Estimate the angle (range: 0-90 degrees). Number only. No explanation.assistant

66.5"
2,./generated_images/aliased_image_white_13.png,13,GeminiProVision,45
2,./generated_images/aliased_image_white_13.png,13,Gemini1_5Flash,"45
"
2,./generated_images/antialiased_image_black_21.png,21,gpt4o,20
2,./generated_images/antialiased_image_black_21.png,21,LLaMA,"user

Estimate the angle (range: 0-90 degrees). Number only. No explanation.assistant

60"
2,./generated_images/antialiased_image_black_21.png,21,GeminiProVision,"30
"
2,./generated_images/antialiased_image_black_21.png,21,Gemini1_5Flash,"45
"
2,./generated_images/antialiased_image_black_53.png,53,gpt4o,45
2,./generated_images/antialiased_image_black_53.png,53,LLaMA,"user

Estimate the angle (range: 0-90 degrees). Number only. No explanation.assistant

60"
2,./generated_images/antialiased_image_black_53.png,53,GeminiProVision,45
2,./generated_images/antialiased_image_black_53.png,53,Gemini1_5Flash,"30
"
2,./generated_images/aliased_image_black_46.png,46,gpt4o,45
2,./generated_images/aliased_image_black_46.png,46,LLaMA,"user

Estimate the angle (range: 0-90 degrees). Number only. No explanation.assistant

90"
2,./generated_images/aliased_image_black_46.png,46,GeminiProVision,"45
"
2,./generated_images/aliased_image_black_46.png,46,Gemini1_5Flash,"45
"
2,./generated_images/aliased_image_white_53.png,53,gpt4o,45
2,./generated_images/aliased_image_white_53.png,53,LLaMA,"user

Estimate the angle (range: 0-90 degrees). Number only. No explanation.assistant

60"
2,./generated_images/aliased_image_white_53.png,53,GeminiProVision,"45
"
2,./generated_images/aliased_image_white_53.png,53,Gemini1_5Flash,"45
"
2,./generated_images/antialiased_image_white_46.png,46,gpt4o,45
2,./generated_images/antialiased_image_white_46.png,46,LLaMA,"user

Estimate the angle (range: 0-90 degrees). Number only. No explanation.assistant

72"
2,./generated_images/antialiased_image_white_46.png,46,GeminiProVision,"20
"
2,./generated_images/antialiased_image_white_46.png,46,Gemini1_5Flash,"45
"
2,./generated_images/aliased_image_white_21.png,21,gpt4o,50
2,./generated_images/aliased_image_white_21.png,21,LLaMA,"user

Estimate the angle (range: 0-90 degrees). Number only. No explanation.assistant

73"
2,./generated_images/aliased_image_white_21.png,21,GeminiProVision,45
2,./generated_images/aliased_image_white_21.png,21,Gemini1_5Flash,"30
"
2,./generated_images/vectorized_image_white_17.pdf,17,gpt4o,40
2,./generated_images/vectorized_image_white_17.pdf,17,LLaMA,"user

Estimate the angle (range: 0-90 degrees). Number only. No explanation.assistant

45"
2,./generated_images/vectorized_image_white_17.pdf,17,GeminiProVision,"20
"
2,./generated_images/vectorized_image_white_17.pdf,17,Gemini1_5Flash,"45
"
2,./generated_images/antialiased_image_black_13.png,13,gpt4o,20
2,./generated_images/antialiased_image_black_13.png,13,LLaMA,"user

Estimate the angle (range: 0-90 degrees). Number only. No explanation.assistant

**Step 1: Estimate the angle**

*   The angle is approximately 45 degrees."
2,./generated_images/antialiased_image_black_13.png,13,GeminiProVision,"30
"
2,./generated_images/antialiased_image_black_13.png,13,Gemini1_5Flash,"45
"
2,./generated_images/vectorized_image_white_10.pdf,10,gpt4o,30
2,./generated_images/vectorized_image_white_10.pdf,10,LLaMA,"user

Estimate the angle (range: 0-90 degrees). Number only. No explanation.assistant

87"
2,./generated_images/vectorized_image_white_10.pdf,10,GeminiProVision,"45
"
2,./generated_images/vectorized_image_white_10.pdf,10,Gemini1_5Flash,"30
"
2,./generated_images/vectorized_image_black_30.pdf,30,gpt4o,45
2,./generated_images/vectorized_image_black_30.pdf,30,LLaMA,"user

Estimate the angle (range: 0-90 degrees). Number only. No explanation.assistant

The information in the image is:

* A geometric shape: a right triangle with one angle marked
* The marked angle is labeled with a ""V"" symbol
* The range of the angle to be estimated is between 0 and 90 degrees. 
## Step 1
The given image is a right-angled triangle with one angle marked.

## Step 2
The angle marked is a right angle, which is 90 degrees.

The final answer is: $\boxed{90}$"
2,./generated_images/vectorized_image_black_30.pdf,30,GeminiProVision,25
2,./generated_images/vectorized_image_black_30.pdf,30,Gemini1_5Flash,"30
"
2,./generated_images/aliased_image_black_58.png,58,gpt4o,45
2,./generated_images/aliased_image_black_58.png,58,LLaMA,"user

Estimate the angle (range: 0-90 degrees). Number only. No explanation.assistant

60"
2,./generated_images/aliased_image_black_58.png,58,GeminiProVision,"45
"
2,./generated_images/aliased_image_black_58.png,58,Gemini1_5Flash,"45
"
2,./generated_images/antialiased_image_white_63.png,63,gpt4o,45
2,./generated_images/antialiased_image_white_63.png,63,LLaMA,"user

Estimate the angle (range: 0-90 degrees). Number only. No explanation.assistant

87"
2,./generated_images/antialiased_image_white_63.png,63,GeminiProVision,"20
"
2,./generated_images/antialiased_image_white_63.png,63,Gemini1_5Flash,"45
"
2,./generated_images/aliased_image_black_63.png,63,gpt4o,45
2,./generated_images/aliased_image_black_63.png,63,LLaMA,"user

Estimate the angle (range: 0-90 degrees). Number only. No explanation.assistant

45"
2,./generated_images/aliased_image_black_63.png,63,GeminiProVision,"45
"
2,./generated_images/aliased_image_black_63.png,63,Gemini1_5Flash,"45
"
2,./generated_images/antialiased_image_white_58.png,58,gpt4o,45
2,./generated_images/antialiased_image_white_58.png,58,LLaMA,"user

Estimate the angle (range: 0-90 degrees). Number only. No explanation.assistant

53"
2,./generated_images/antialiased_image_white_58.png,58,GeminiProVision,20
2,./generated_images/antialiased_image_white_58.png,58,Gemini1_5Flash,"45
"
2,./generated_images/vectorized_image_white_63.pdf,63,gpt4o,60
2,./generated_images/vectorized_image_white_63.pdf,63,LLaMA,"user

Estimate the angle (range: 0-90 degrees). Number only. No explanation.assistant

65"
2,./generated_images/vectorized_image_white_63.pdf,63,GeminiProVision,"35
"
2,./generated_images/vectorized_image_white_63.pdf,63,Gemini1_5Flash,"30
"
2,./generated_images/vectorized_image_white_58.pdf,58,gpt4o,60
2,./generated_images/vectorized_image_white_58.pdf,58,LLaMA,"user

Estimate the angle (range: 0-90 degrees). Number only. No explanation.assistant

67"
2,./generated_images/vectorized_image_white_58.pdf,58,GeminiProVision,"45
"
2,./generated_images/vectorized_image_white_58.pdf,58,Gemini1_5Flash,"30
"
2,./generated_images/aliased_image_white_58.png,58,gpt4o,30
2,./generated_images/aliased_image_white_58.png,58,LLaMA,"user

Estimate the angle (range: 0-90 degrees). Number only. No explanation.assistant

78"
2,./generated_images/aliased_image_white_58.png,58,GeminiProVision,"45
"
2,./generated_images/aliased_image_white_58.png,58,Gemini1_5Flash,"45
"
2,./generated_images/antialiased_image_black_63.png,63,gpt4o,50
2,./generated_images/antialiased_image_black_63.png,63,LLaMA,"user

Estimate the angle (range: 0-90 degrees). Number only. No explanation.assistant

80"
2,./generated_images/antialiased_image_black_63.png,63,GeminiProVision,"20
"
2,./generated_images/antialiased_image_black_63.png,63,Gemini1_5Flash,"45
"
2,./generated_images/aliased_image_white_63.png,63,gpt4o,45
2,./generated_images/aliased_image_white_63.png,63,LLaMA,"user

Estimate the angle (range: 0-90 degrees). Number only. No explanation.assistant

85"
2,./generated_images/aliased_image_white_63.png,63,GeminiProVision,"30
"
2,./generated_images/aliased_image_white_63.png,63,Gemini1_5Flash,"45
"
2,./generated_images/antialiased_image_black_58.png,58,gpt4o,50
2,./generated_images/antialiased_image_black_58.png,58,LLaMA,"user

Estimate the angle (range: 0-90 degrees). Number only. No explanation.assistant

60"
2,./generated_images/antialiased_image_black_58.png,58,GeminiProVision,"25
"
2,./generated_images/antialiased_image_black_58.png,58,Gemini1_5Flash,"30
"
2,./generated_images/vectorized_image_black_63.pdf,63,gpt4o,45
2,./generated_images/vectorized_image_black_63.pdf,63,LLaMA,"user

Estimate the angle (range: 0-90 degrees). Number only. No explanation.assistant

The information in the image is:

* A geometric figure is presented, consisting of a line segment forming a checkmark shape.
* The figure is drawn in a 2D coordinate plane with axes labeled, but no specific coordinates are given.
* The task is to estimate the angle formed by the line segment, with a specified range of 0-90 degrees.
* The answer should be a numerical value representing the angle, without any additional explanation or justification. 
## Step 1
The angle in question is formed by the line segment that makes a ""V"" shape.

## Step 2
To estimate the angle, we can use the properties of the ""V"" shape. Since the ""V"" shape is symmetrical, the angle at the tip of the ""V"" is equal to the angle at the base of the ""V"".

## Step 3
The angle at the tip of the ""V"" can be estimated by drawing a line from the top of the ""V"" to the right side of the ""V"". This line forms a right triangle with the base of the ""V"" and the hypotenuse of the triangle.

## Step 4
Since the ""V"" shape is symmetrical, the angle at the tip of the ""V"" is equal to the angle at the base of the ""V"". Therefore, the angle at the base of the ""V"" is also equal to the angle at the tip of the ""V"".

## Step 5
The angle at the tip of the ""V"" is approximately 45 degrees.

The final answer is: $\boxed{45}$"
2,./generated_images/vectorized_image_black_63.pdf,63,GeminiProVision,"25
"
2,./generated_images/vectorized_image_black_63.pdf,63,Gemini1_5Flash,"30
"
2,./generated_images/vectorized_image_black_58.pdf,58,gpt4o,45
2,./generated_images/vectorized_image_black_58.pdf,58,LLaMA,"user

Estimate the angle (range: 0-90 degrees). Number only. No explanation.assistant

90"
2,./generated_images/vectorized_image_black_58.pdf,58,GeminiProVision,"30
"
2,./generated_images/vectorized_image_black_58.pdf,58,Gemini1_5Flash,"30
"
2,./generated_images/aliased_image_white_17.png,17,gpt4o,40
2,./generated_images/aliased_image_white_17.png,17,LLaMA,"user

Estimate the angle (range: 0-90 degrees). Number only. No explanation.assistant

76"
2,./generated_images/aliased_image_white_17.png,17,GeminiProVision,45
2,./generated_images/aliased_image_white_17.png,17,Gemini1_5Flash,"45
"
2,./generated_images/vectorized_image_white_21.pdf,21,gpt4o,45
2,./generated_images/vectorized_image_white_21.pdf,21,LLaMA,"user

Estimate the angle (range: 0-90 degrees). Number only. No explanation.assistant

72"
2,./generated_images/vectorized_image_white_21.pdf,21,GeminiProVision,"30
"
2,./generated_images/vectorized_image_white_21.pdf,21,Gemini1_5Flash,"45
"
2,./generated_images/aliased_image_white_10.png,10,gpt4o,30
2,./generated_images/aliased_image_white_10.png,10,LLaMA,"user

Estimate the angle (range: 0-90 degrees). Number only. No explanation.assistant

66.5"
2,./generated_images/aliased_image_white_10.png,10,GeminiProVision,"20
"
2,./generated_images/aliased_image_white_10.png,10,Gemini1_5Flash,"45
"
2,./generated_images/aliased_image_black_30.png,30,gpt4o,45
2,./generated_images/aliased_image_black_30.png,30,LLaMA,"user

Estimate the angle (range: 0-90 degrees). Number only. No explanation.assistant

90"
2,./generated_images/aliased_image_black_30.png,30,GeminiProVision,"30
"
2,./generated_images/aliased_image_black_30.png,30,Gemini1_5Flash,"30
"
2,./generated_images/vectorized_image_white_53.pdf,53,gpt4o,60
2,./generated_images/vectorized_image_white_53.pdf,53,LLaMA,"user

Estimate the angle (range: 0-90 degrees). Number only. No explanation.assistant

80"
2,./generated_images/vectorized_image_white_53.pdf,53,GeminiProVision,"25
"
2,./generated_images/vectorized_image_white_53.pdf,53,Gemini1_5Flash,"30
"
2,./generated_images/vectorized_image_black_46.pdf,46,gpt4o,45
2,./generated_images/vectorized_image_black_46.pdf,46,LLaMA,"user

Estimate the angle (range: 0-90 degrees). Number only. No explanation.assistant

The information in the image is:

* A geometric shape is presented, consisting of a line segment and a right angle.
* The line segment is formed by two line segments that intersect at a point, with one segment extending upward and the other extending to the right.
* The angle formed by the intersection of the two line segments is a right angle, measuring 90 degrees.
* The question asks to estimate the angle formed by the two line segments, with the range specified as 0-90 degrees. 
## 45
The answer is: 45"
2,./generated_images/vectorized_image_black_46.pdf,46,GeminiProVision,"20
"
2,./generated_images/vectorized_image_black_46.pdf,46,Gemini1_5Flash,"30
"
2,./generated_images/vectorized_image_white_13.pdf,13,gpt4o,30
2,./generated_images/vectorized_image_white_13.pdf,13,LLaMA,"user

Estimate the angle (range: 0-90 degrees). Number only. No explanation.assistant

66"
2,./generated_images/vectorized_image_white_13.pdf,13,GeminiProVision,25
2,./generated_images/vectorized_image_white_13.pdf,13,Gemini1_5Flash,"30
"
2,./generated_images/antialiased_image_black_10.png,10,gpt4o,40
2,./generated_images/antialiased_image_black_10.png,10,LLaMA,"user

Estimate the angle (range: 0-90 degrees). Number only. No explanation.assistant

The information in the image is:

* A diagram showing a triangle with two angles labeled and one unlabeled angle.
* The labeled angles are:
	+ Angle A: 40 degrees
	+ Angle B: 90 degrees
* The unlabeled angle is opposite the side labeled ""AB"".
* The task is to estimate the measure of the unlabeled angle. 
## Step 1
To estimate the angle, we need to analyze the given triangle.

## Step 2
We are given a right-angled triangle with one angle measuring 40 degrees and another angle measuring 90 degrees.

## Step 3
The sum of the angles in a triangle is always 180 degrees.

## Step 4
Using the given angles, we can calculate the third angle as 180 - 90 - 40 = 50 degrees.

The final answer is: $\boxed{50}$"
2,./generated_images/antialiased_image_black_10.png,10,GeminiProVision,"30
"
2,./generated_images/antialiased_image_black_10.png,10,Gemini1_5Flash,"30
"
2,./generated_images/antialiased_image_white_30.png,30,gpt4o,65
2,./generated_images/antialiased_image_white_30.png,30,LLaMA,"user

Estimate the angle (range: 0-90 degrees). Number only. No explanation.assistant

70"
2,./generated_images/antialiased_image_white_30.png,30,GeminiProVision,"25
"
2,./generated_images/antialiased_image_white_30.png,30,Gemini1_5Flash,"30
"
2,./generated_images/antialiased_image_black_17.png,17,gpt4o,30
2,./generated_images/antialiased_image_black_17.png,17,LLaMA,"user

Estimate the angle (range: 0-90 degrees). Number only. No explanation.assistant

65"
2,./generated_images/antialiased_image_black_17.png,17,GeminiProVision,"20
"
2,./generated_images/antialiased_image_black_17.png,17,Gemini1_5Flash,"45
"
2,./generated_images/aliased_image_black_13.png,13,gpt4o,35
2,./generated_images/aliased_image_black_13.png,13,LLaMA,"user

Estimate the angle (range: 0-90 degrees). Number only. No explanation.assistant

60"
2,./generated_images/aliased_image_black_13.png,13,GeminiProVision,"45
"
2,./generated_images/aliased_image_black_13.png,13,Gemini1_5Flash,"45
"
2,./generated_images/antialiased_image_white_21.png,21,gpt4o,45
2,./generated_images/antialiased_image_white_21.png,21,LLaMA,"user

Estimate the angle (range: 0-90 degrees). Number only. No explanation.assistant

75"
2,./generated_images/antialiased_image_white_21.png,21,GeminiProVision,"20
"
2,./generated_images/antialiased_image_white_21.png,21,Gemini1_5Flash,"45
"
2,./generated_images/antialiased_image_white_53.png,53,gpt4o,45
2,./generated_images/antialiased_image_white_53.png,53,LLaMA,"user

Estimate the angle (range: 0-90 degrees). Number only. No explanation.assistant

84.5"
2,./generated_images/antialiased_image_white_53.png,53,GeminiProVision,"20
"
2,./generated_images/antialiased_image_white_53.png,53,Gemini1_5Flash,"45
"
2,./generated_images/aliased_image_white_46.png,46,gpt4o,60
2,./generated_images/aliased_image_white_46.png,46,LLaMA,"user

Estimate the angle (range: 0-90 degrees). Number only. No explanation.assistant

75"
2,./generated_images/aliased_image_white_46.png,46,GeminiProVision,"20
"
2,./generated_images/aliased_image_white_46.png,46,Gemini1_5Flash,"45
"
2,./generated_images/aliased_image_black_53.png,53,gpt4o,45
2,./generated_images/aliased_image_black_53.png,53,LLaMA,"user

Estimate the angle (range: 0-90 degrees). Number only. No explanation.assistant

70"
2,./generated_images/aliased_image_black_53.png,53,GeminiProVision,"45
"
2,./generated_images/aliased_image_black_53.png,53,Gemini1_5Flash,"45
"
2,./generated_images/antialiased_image_black_46.png,46,gpt4o,45
2,./generated_images/antialiased_image_black_46.png,46,LLaMA,"user

Estimate the angle (range: 0-90 degrees). Number only. No explanation.assistant

75"
2,./generated_images/antialiased_image_black_46.png,46,GeminiProVision,"25
"
2,./generated_images/antialiased_image_black_46.png,46,Gemini1_5Flash,"30
"
2,./generated_images/vectorized_image_black_17.pdf,17,gpt4o,30
2,./generated_images/vectorized_image_black_17.pdf,17,LLaMA,"user

Estimate the angle (range: 0-90 degrees). Number only. No explanation.assistant

90"
2,./generated_images/vectorized_image_black_17.pdf,17,GeminiProVision,"20
"
2,./generated_images/vectorized_image_black_17.pdf,17,Gemini1_5Flash,"45
"
2,./generated_images/aliased_image_black_21.png,21,gpt4o,30
2,./generated_images/aliased_image_black_21.png,21,LLaMA,"user

Estimate the angle (range: 0-90 degrees). Number only. No explanation.assistant

90"
2,./generated_images/aliased_image_black_21.png,21,GeminiProVision,"45
"
2,./generated_images/aliased_image_black_21.png,21,Gemini1_5Flash,"45
"
2,./generated_images/antialiased_image_white_13.png,13,gpt4o,45
2,./generated_images/antialiased_image_white_13.png,13,LLaMA,"user

Estimate the angle (range: 0-90 degrees). Number only. No explanation.assistant

45"
2,./generated_images/antialiased_image_white_13.png,13,GeminiProVision,"25
"
2,./generated_images/antialiased_image_white_13.png,13,Gemini1_5Flash,"45
"
2,./generated_images/vectorized_image_black_10.pdf,10,gpt4o,25
2,./generated_images/vectorized_image_black_10.pdf,10,LLaMA,"user

Estimate the angle (range: 0-90 degrees). Number only. No explanation.assistant

The information in the question is:

* A diagram is provided, showing a line with two segments extending from its midpoint.
* The task is to estimate the angle formed by these two segments.
* The angle is within the range of 0-90 degrees.
* A numerical answer is required, with no explanation or additional information provided. 
## Step 1
To estimate the angle, we first need to determine the type of triangle formed by the given line and its segments.

## Step 2
Since the line and its segments form an isosceles triangle, we can use the properties of isosceles triangles to estimate the angle.

## Step 3
In an isosceles triangle, the base angles are equal. The given line forms two base angles that are equal, so each base angle is approximately 45 degrees.

## Step 4
The sum of the angles in a triangle is 180 degrees. Since we have two base angles of 45 degrees each, the third angle must be 90 degrees.

The final answer is: $\boxed{90}$"
2,./generated_images/vectorized_image_black_10.pdf,10,GeminiProVision,45
2,./generated_images/vectorized_image_black_10.pdf,10,Gemini1_5Flash,"45
"
2,./generated_images/vectorized_image_white_30.pdf,30,gpt4o,30
2,./generated_images/vectorized_image_white_30.pdf,30,LLaMA,"user

Estimate the angle (range: 0-90 degrees). Number only. No explanation.assistant

75"
2,./generated_images/vectorized_image_white_30.pdf,30,GeminiProVision,"20
"
2,./generated_images/vectorized_image_white_30.pdf,30,Gemini1_5Flash,"45
"
3,./generated_images/vectorized_image_black_21.pdf,21,gpt4o,30
3,./generated_images/vectorized_image_black_21.pdf,21,LLaMA,"user

Estimate the angle (range: 0-90 degrees). Number only. No explanation.assistant

45"
3,./generated_images/vectorized_image_black_21.pdf,21,GeminiProVision,"25
"
3,./generated_images/vectorized_image_black_21.pdf,21,Gemini1_5Flash,"30
"
3,./generated_images/aliased_image_black_17.png,17,gpt4o,45
3,./generated_images/aliased_image_black_17.png,17,LLaMA,"user

Estimate the angle (range: 0-90 degrees). Number only. No explanation.assistant

The information in the image is:

* A diagram showing a line segment with one end point labeled ""A"" and the other end point labeled ""B"".
* A line segment intersects the line segment at point ""C"".
* The intersection point ""C"" is connected to point ""A"" with a line segment.
* The intersection point ""C"" is also connected to point ""B"" with a line segment.
* The line segment connecting ""C"" to ""A"" is perpendicular to the line segment connecting ""C"" to ""B"".
* The angle formed by the line segment connecting ""C"" to ""A"" and the line segment connecting ""C"" to ""B"" is to be estimated. 
## Step 1
The angle in question is the angle between the two line segments that meet at point C.

## Step 2
Since one of the line segments is perpendicular to the other, it indicates that the angle between them is 90 degrees.

The final answer is: $\boxed{90}$"
3,./generated_images/aliased_image_black_17.png,17,GeminiProVision,"45
"
3,./generated_images/aliased_image_black_17.png,17,Gemini1_5Flash,"45
"
3,./generated_images/aliased_image_black_10.png,10,gpt4o,45
3,./generated_images/aliased_image_black_10.png,10,LLaMA,"user

Estimate the angle (range: 0-90 degrees). Number only. No explanation.assistant

The answer is: 45"
3,./generated_images/aliased_image_black_10.png,10,GeminiProVision,"45
"
3,./generated_images/aliased_image_black_10.png,10,Gemini1_5Flash,"45
"
3,./generated_images/aliased_image_white_30.png,30,gpt4o,30
3,./generated_images/aliased_image_white_30.png,30,LLaMA,"user

Estimate the angle (range: 0-90 degrees). Number only. No explanation.assistant

68"
3,./generated_images/aliased_image_white_30.png,30,GeminiProVision,"30
"
3,./generated_images/aliased_image_white_30.png,30,Gemini1_5Flash,"30
"
3,./generated_images/vectorized_image_black_53.pdf,53,gpt4o,45
3,./generated_images/vectorized_image_black_53.pdf,53,LLaMA,"user

Estimate the angle (range: 0-90 degrees). Number only. No explanation.assistant

The information in the image is:

* A geometric shape is presented, consisting of a triangle with two sides and one angle.
* The triangle is depicted with one angle marked as 90 degrees.
* The question asks to estimate the measure of the other angle, with a specified range of 0-90 degrees. 
## Step 1
The given figure is a right-angled triangle with one angle measuring 90 degrees.

## Step 2
In a right-angled triangle, the sum of the two acute angles is always 90 degrees.

## Step 3
Since one angle is already 90 degrees, the other angle must be 90 degrees as well, as the sum of the two angles must equal 180 degrees in a triangle.

The final answer is: $\boxed{90}$"
3,./generated_images/vectorized_image_black_53.pdf,53,GeminiProVision,"25
"
3,./generated_images/vectorized_image_black_53.pdf,53,Gemini1_5Flash,"45
"
3,./generated_images/vectorized_image_white_46.pdf,46,gpt4o,60
3,./generated_images/vectorized_image_white_46.pdf,46,LLaMA,"user

Estimate the angle (range: 0-90 degrees). Number only. No explanation.assistant

72"
3,./generated_images/vectorized_image_white_46.pdf,46,GeminiProVision,"25
"
3,./generated_images/vectorized_image_white_46.pdf,46,Gemini1_5Flash,"30
"
3,./generated_images/vectorized_image_black_13.pdf,13,gpt4o,30
3,./generated_images/vectorized_image_black_13.pdf,13,LLaMA,"user

Estimate the angle (range: 0-90 degrees). Number only. No explanation.assistant

The information in the question is:

* A diagram is provided, showing a line with two segments intersecting at a point.
* The angle formed by the two segments is to be estimated.
* The range of the angle is specified as 0-90 degrees.
* The question asks for a numerical estimate of the angle, without requiring an explanation. 
## 15
The final answer is: $\boxed{15}$"
3,./generated_images/vectorized_image_black_13.pdf,13,GeminiProVision,"20
"
3,./generated_images/vectorized_image_black_13.pdf,13,Gemini1_5Flash,"30
"
3,./generated_images/antialiased_image_white_10.png,10,gpt4o,45
3,./generated_images/antialiased_image_white_10.png,10,LLaMA,"user

Estimate the angle (range: 0-90 degrees). Number only. No explanation.assistant

55"
3,./generated_images/antialiased_image_white_10.png,10,GeminiProVision,"25
"
3,./generated_images/antialiased_image_white_10.png,10,Gemini1_5Flash,"45
"
3,./generated_images/antialiased_image_black_30.png,30,gpt4o,45
3,./generated_images/antialiased_image_black_30.png,30,LLaMA,"user

Estimate the angle (range: 0-90 degrees). Number only. No explanation.assistant

70"
3,./generated_images/antialiased_image_black_30.png,30,GeminiProVision,25
3,./generated_images/antialiased_image_black_30.png,30,Gemini1_5Flash,"30
"
3,./generated_images/antialiased_image_white_17.png,17,gpt4o,50
3,./generated_images/antialiased_image_white_17.png,17,LLaMA,"user

Estimate the angle (range: 0-90 degrees). Number only. No explanation.assistant

75"
3,./generated_images/antialiased_image_white_17.png,17,GeminiProVision,20
3,./generated_images/antialiased_image_white_17.png,17,Gemini1_5Flash,"45
"
3,./generated_images/aliased_image_white_13.png,13,gpt4o,45
3,./generated_images/aliased_image_white_13.png,13,LLaMA,"user

Estimate the angle (range: 0-90 degrees). Number only. No explanation.assistant

63"
3,./generated_images/aliased_image_white_13.png,13,GeminiProVision,45
3,./generated_images/aliased_image_white_13.png,13,Gemini1_5Flash,"45
"
3,./generated_images/antialiased_image_black_21.png,21,gpt4o,30
3,./generated_images/antialiased_image_black_21.png,21,LLaMA,"user

Estimate the angle (range: 0-90 degrees). Number only. No explanation.assistant

80"
3,./generated_images/antialiased_image_black_21.png,21,GeminiProVision,20
3,./generated_images/antialiased_image_black_21.png,21,Gemini1_5Flash,"45
"
3,./generated_images/antialiased_image_black_53.png,53,gpt4o,35
3,./generated_images/antialiased_image_black_53.png,53,LLaMA,"user

Estimate the angle (range: 0-90 degrees). Number only. No explanation.assistant

60"
3,./generated_images/antialiased_image_black_53.png,53,GeminiProVision,"20
"
3,./generated_images/antialiased_image_black_53.png,53,Gemini1_5Flash,"30
"
3,./generated_images/aliased_image_black_46.png,46,gpt4o,30
3,./generated_images/aliased_image_black_46.png,46,LLaMA,"user

Estimate the angle (range: 0-90 degrees). Number only. No explanation.assistant

70"
3,./generated_images/aliased_image_black_46.png,46,GeminiProVision,"45
"
3,./generated_images/aliased_image_black_46.png,46,Gemini1_5Flash,"45
"
3,./generated_images/aliased_image_white_53.png,53,gpt4o,45
3,./generated_images/aliased_image_white_53.png,53,LLaMA,"user

Estimate the angle (range: 0-90 degrees). Number only. No explanation.assistant

75"
3,./generated_images/aliased_image_white_53.png,53,GeminiProVision,"45
"
3,./generated_images/aliased_image_white_53.png,53,Gemini1_5Flash,"45
"
3,./generated_images/antialiased_image_white_46.png,46,gpt4o,45
3,./generated_images/antialiased_image_white_46.png,46,LLaMA,"user

Estimate the angle (range: 0-90 degrees). Number only. No explanation.assistant

89"
3,./generated_images/antialiased_image_white_46.png,46,GeminiProVision,"20
"
3,./generated_images/antialiased_image_white_46.png,46,Gemini1_5Flash,"30
"
3,./generated_images/aliased_image_white_21.png,21,gpt4o,40
3,./generated_images/aliased_image_white_21.png,21,LLaMA,"user

Estimate the angle (range: 0-90 degrees). Number only. No explanation.assistant

82"
3,./generated_images/aliased_image_white_21.png,21,GeminiProVision,"20
"
3,./generated_images/aliased_image_white_21.png,21,Gemini1_5Flash,"45
"
3,./generated_images/vectorized_image_white_17.pdf,17,gpt4o,45
3,./generated_images/vectorized_image_white_17.pdf,17,LLaMA,"user

Estimate the angle (range: 0-90 degrees). Number only. No explanation.assistant

**Step 1: Identify the angle**

The angle is located in the upper right corner of the image.

**Step 2: Estimate the angle**

The angle appears to be slightly less than 45 degrees."
3,./generated_images/vectorized_image_white_17.pdf,17,GeminiProVision,"20
"
3,./generated_images/vectorized_image_white_17.pdf,17,Gemini1_5Flash,"30
"
3,./generated_images/antialiased_image_black_13.png,13,gpt4o,20
3,./generated_images/antialiased_image_black_13.png,13,LLaMA,"user

Estimate the angle (range: 0-90 degrees). Number only. No explanation.assistant

90"
3,./generated_images/antialiased_image_black_13.png,13,GeminiProVision,"25
"
3,./generated_images/antialiased_image_black_13.png,13,Gemini1_5Flash,"30
"
3,./generated_images/vectorized_image_white_10.pdf,10,gpt4o,40
3,./generated_images/vectorized_image_white_10.pdf,10,LLaMA,"user

Estimate the angle (range: 0-90 degrees). Number only. No explanation.assistant

49"
3,./generated_images/vectorized_image_white_10.pdf,10,GeminiProVision,"45
"
3,./generated_images/vectorized_image_white_10.pdf,10,Gemini1_5Flash,"30
"
3,./generated_images/vectorized_image_black_30.pdf,30,gpt4o,45
3,./generated_images/vectorized_image_black_30.pdf,30,LLaMA,"user

Estimate the angle (range: 0-90 degrees). Number only. No explanation.assistant

The information in the image is:

* A diagram of a triangle with one angle marked
* The marked angle is approximately 40 degrees, as indicated by the image. 
## Step 1
The angle is less than 90 degrees.

## Step 2
The angle is more than 45 degrees.

The final answer is: $\boxed{45}$"
3,./generated_images/vectorized_image_black_30.pdf,30,GeminiProVision,"30
"
3,./generated_images/vectorized_image_black_30.pdf,30,Gemini1_5Flash,"30
"
3,./generated_images/aliased_image_black_58.png,58,gpt4o,45
3,./generated_images/aliased_image_black_58.png,58,LLaMA,"user

Estimate the angle (range: 0-90 degrees). Number only. No explanation.assistant

**Step 1: Identify the angle**

The angle is between two lines that intersect.

**Step 2: Determine the angle**

The angle is approximately 45 degrees."
3,./generated_images/aliased_image_black_58.png,58,GeminiProVision,"45
"
3,./generated_images/aliased_image_black_58.png,58,Gemini1_5Flash,"45
"
3,./generated_images/antialiased_image_white_63.png,63,gpt4o,45
3,./generated_images/antialiased_image_white_63.png,63,LLaMA,"user

Estimate the angle (range: 0-90 degrees). Number only. No explanation.assistant

60."
3,./generated_images/antialiased_image_white_63.png,63,GeminiProVision,"20
"
3,./generated_images/antialiased_image_white_63.png,63,Gemini1_5Flash,"30
"
3,./generated_images/aliased_image_black_63.png,63,gpt4o,45
3,./generated_images/aliased_image_black_63.png,63,LLaMA,"user

Estimate the angle (range: 0-90 degrees). Number only. No explanation.assistant

60"
3,./generated_images/aliased_image_black_63.png,63,GeminiProVision,"45
"
3,./generated_images/aliased_image_black_63.png,63,Gemini1_5Flash,"45
"
3,./generated_images/antialiased_image_white_58.png,58,gpt4o,45
3,./generated_images/antialiased_image_white_58.png,58,LLaMA,"user

Estimate the angle (range: 0-90 degrees). Number only. No explanation.assistant

85"
3,./generated_images/antialiased_image_white_58.png,58,GeminiProVision,20
3,./generated_images/antialiased_image_white_58.png,58,Gemini1_5Flash,"45
"
3,./generated_images/vectorized_image_white_63.pdf,63,gpt4o,45
3,./generated_images/vectorized_image_white_63.pdf,63,LLaMA,"user

Estimate the angle (range: 0-90 degrees). Number only. No explanation.assistant

75"
3,./generated_images/vectorized_image_white_63.pdf,63,GeminiProVision,"35
"
3,./generated_images/vectorized_image_white_63.pdf,63,Gemini1_5Flash,"30
"
3,./generated_images/vectorized_image_white_58.pdf,58,gpt4o,60
3,./generated_images/vectorized_image_white_58.pdf,58,LLaMA,"user

Estimate the angle (range: 0-90 degrees). Number only. No explanation.assistant

60"
3,./generated_images/vectorized_image_white_58.pdf,58,GeminiProVision,45
3,./generated_images/vectorized_image_white_58.pdf,58,Gemini1_5Flash,"45
"
3,./generated_images/aliased_image_white_58.png,58,gpt4o,45
3,./generated_images/aliased_image_white_58.png,58,LLaMA,"user

Estimate the angle (range: 0-90 degrees). Number only. No explanation.assistant

45"
3,./generated_images/aliased_image_white_58.png,58,GeminiProVision,45
3,./generated_images/aliased_image_white_58.png,58,Gemini1_5Flash,"45
"
3,./generated_images/antialiased_image_black_63.png,63,gpt4o,45
3,./generated_images/antialiased_image_black_63.png,63,LLaMA,"user

Estimate the angle (range: 0-90 degrees). Number only. No explanation.assistant

80"
3,./generated_images/antialiased_image_black_63.png,63,GeminiProVision,"20
"
3,./generated_images/antialiased_image_black_63.png,63,Gemini1_5Flash,"45
"
3,./generated_images/aliased_image_white_63.png,63,gpt4o,45
3,./generated_images/aliased_image_white_63.png,63,LLaMA,"user

Estimate the angle (range: 0-90 degrees). Number only. No explanation.assistant

90"
3,./generated_images/aliased_image_white_63.png,63,GeminiProVision,"30
"
3,./generated_images/aliased_image_white_63.png,63,Gemini1_5Flash,"30
"
3,./generated_images/antialiased_image_black_58.png,58,gpt4o,45
3,./generated_images/antialiased_image_black_58.png,58,LLaMA,"user

Estimate the angle (range: 0-90 degrees). Number only. No explanation.assistant

60"
3,./generated_images/antialiased_image_black_58.png,58,GeminiProVision,"25
"
3,./generated_images/antialiased_image_black_58.png,58,Gemini1_5Flash,"45
"
3,./generated_images/vectorized_image_black_63.pdf,63,gpt4o,45
3,./generated_images/vectorized_image_black_63.pdf,63,LLaMA,"user

Estimate the angle (range: 0-90 degrees). Number only. No explanation.assistant

The information in the image is:

* A geometric shape is given, consisting of two intersecting lines forming a check mark.
* The angle formed by the two lines is to be estimated.
* The range of the angle is specified as 0-90 degrees.
* The task is to provide a numerical estimate of the angle, without any additional explanation or context. 
## Step 1
The angle formed by the two lines in the diagram is a right angle, which is 90 degrees.

## Step 2
However, the question asks for an estimate of the angle, which suggests that the exact value is not required. Since the angle is a right angle, it is not possible to estimate a value other than 90 degrees.

The final answer is: $\boxed{90}$"
3,./generated_images/vectorized_image_black_63.pdf,63,GeminiProVision,"25
"
3,./generated_images/vectorized_image_black_63.pdf,63,Gemini1_5Flash,"30
"
3,./generated_images/vectorized_image_black_58.pdf,58,gpt4o,60
3,./generated_images/vectorized_image_black_58.pdf,58,LLaMA,"user

Estimate the angle (range: 0-90 degrees). Number only. No explanation.assistant

The information in the question is:

* A geometric figure is given, consisting of a triangle with one angle marked.
* The angle is labeled with a checkmark and a ""V"" shape.
* The task is to estimate the measure of the angle in degrees, within the range of 0 to 90 degrees.
* The answer should be a numerical value, without any additional explanation or justification. 
## 60
The angle is estimated to be 60 degrees."
3,./generated_images/vectorized_image_black_58.pdf,58,GeminiProVision,"30
"
3,./generated_images/vectorized_image_black_58.pdf,58,Gemini1_5Flash,"45
"
3,./generated_images/aliased_image_white_17.png,17,gpt4o,30
3,./generated_images/aliased_image_white_17.png,17,LLaMA,"user

Estimate the angle (range: 0-90 degrees). Number only. No explanation.assistant

65"
3,./generated_images/aliased_image_white_17.png,17,GeminiProVision,45
3,./generated_images/aliased_image_white_17.png,17,Gemini1_5Flash,"45
"
3,./generated_images/vectorized_image_white_21.pdf,21,gpt4o,60
3,./generated_images/vectorized_image_white_21.pdf,21,LLaMA,"user

Estimate the angle (range: 0-90 degrees). Number only. No explanation.assistant

63"
3,./generated_images/vectorized_image_white_21.pdf,21,GeminiProVision,"20
"
3,./generated_images/vectorized_image_white_21.pdf,21,Gemini1_5Flash,"45
"
3,./generated_images/aliased_image_white_10.png,10,gpt4o,30
3,./generated_images/aliased_image_white_10.png,10,LLaMA,"user

Estimate the angle (range: 0-90 degrees). Number only. No explanation.assistant

45"
3,./generated_images/aliased_image_white_10.png,10,GeminiProVision,"45
"
3,./generated_images/aliased_image_white_10.png,10,Gemini1_5Flash,"45
"
3,./generated_images/aliased_image_black_30.png,30,gpt4o,30
3,./generated_images/aliased_image_black_30.png,30,LLaMA,"user

Estimate the angle (range: 0-90 degrees). Number only. No explanation.assistant

45"
3,./generated_images/aliased_image_black_30.png,30,GeminiProVision,"30
"
3,./generated_images/aliased_image_black_30.png,30,Gemini1_5Flash,"45
"
3,./generated_images/vectorized_image_white_53.pdf,53,gpt4o,30
3,./generated_images/vectorized_image_white_53.pdf,53,LLaMA,"user

Estimate the angle (range: 0-90 degrees). Number only. No explanation.assistant

75"
3,./generated_images/vectorized_image_white_53.pdf,53,GeminiProVision,"25
"
3,./generated_images/vectorized_image_white_53.pdf,53,Gemini1_5Flash,"30
"
3,./generated_images/vectorized_image_black_46.pdf,46,gpt4o,45
3,./generated_images/vectorized_image_black_46.pdf,46,LLaMA,"user

Estimate the angle (range: 0-90 degrees). Number only. No explanation.assistant

The information in the image is:

* A graphic of a right triangle with one angle marked.
* The angle is drawn with a thick black line and is approximately 45 degrees. 
## 45
The answer is: 45"
3,./generated_images/vectorized_image_black_46.pdf,46,GeminiProVision,"20
"
3,./generated_images/vectorized_image_black_46.pdf,46,Gemini1_5Flash,"30
"
3,./generated_images/vectorized_image_white_13.pdf,13,gpt4o,30
3,./generated_images/vectorized_image_white_13.pdf,13,LLaMA,"user

Estimate the angle (range: 0-90 degrees). Number only. No explanation.assistant

87."
3,./generated_images/vectorized_image_white_13.pdf,13,GeminiProVision,"30
"
3,./generated_images/vectorized_image_white_13.pdf,13,Gemini1_5Flash,"45
"
3,./generated_images/antialiased_image_black_10.png,10,gpt4o,30
3,./generated_images/antialiased_image_black_10.png,10,LLaMA,"user

Estimate the angle (range: 0-90 degrees). Number only. No explanation.assistant

The information in the image is:

* A diagram showing a triangle with two sides labeled and an angle between them.
* The angle is labeled as 40 degrees.
* The task is to estimate the measure of the third angle, which is not labeled. 
## Step 1
The sum of the angles in a triangle is always 180 degrees.

## Step 2
We are given one angle as 40 degrees.

## Step 3
Let's assume the other angle is x degrees.

## Step 4
Using the sum of angles in a triangle formula, we have 40 + x + unknown angle = 180.

## Step 5
Since the unknown angle is the remaining part of the triangle and is adjacent to the angle we are estimating, we can assume it is also 40 degrees.

## Step 6
So, the equation becomes 40 + x + 40 = 180.

## Step 7
Solving for x, we get x = 100 degrees.

The final answer is: $\boxed{100}$"
3,./generated_images/antialiased_image_black_10.png,10,GeminiProVision,"25
"
3,./generated_images/antialiased_image_black_10.png,10,Gemini1_5Flash,"45
"
3,./generated_images/antialiased_image_white_30.png,30,gpt4o,45
3,./generated_images/antialiased_image_white_30.png,30,LLaMA,"user

Estimate the angle (range: 0-90 degrees). Number only. No explanation.assistant

60"
3,./generated_images/antialiased_image_white_30.png,30,GeminiProVision,"20
"
3,./generated_images/antialiased_image_white_30.png,30,Gemini1_5Flash,"45
"
3,./generated_images/antialiased_image_black_17.png,17,gpt4o,20
3,./generated_images/antialiased_image_black_17.png,17,LLaMA,"user

Estimate the angle (range: 0-90 degrees). Number only. No explanation.assistant

45"
3,./generated_images/antialiased_image_black_17.png,17,GeminiProVision,"20
"
3,./generated_images/antialiased_image_black_17.png,17,Gemini1_5Flash,"45
"
3,./generated_images/aliased_image_black_13.png,13,gpt4o,25
3,./generated_images/aliased_image_black_13.png,13,LLaMA,"user

Estimate the angle (range: 0-90 degrees). Number only. No explanation.assistant

45"
3,./generated_images/aliased_image_black_13.png,13,GeminiProVision,"45
"
3,./generated_images/aliased_image_black_13.png,13,Gemini1_5Flash,"45
"
3,./generated_images/antialiased_image_white_21.png,21,gpt4o,30
3,./generated_images/antialiased_image_white_21.png,21,LLaMA,"user

Estimate the angle (range: 0-90 degrees). Number only. No explanation.assistant

75"
3,./generated_images/antialiased_image_white_21.png,21,GeminiProVision,"20
"
3,./generated_images/antialiased_image_white_21.png,21,Gemini1_5Flash,"45
"
3,./generated_images/antialiased_image_white_53.png,53,gpt4o,45
3,./generated_images/antialiased_image_white_53.png,53,LLaMA,"user

Estimate the angle (range: 0-90 degrees). Number only. No explanation.assistant

67"
3,./generated_images/antialiased_image_white_53.png,53,GeminiProVision,"25
"
3,./generated_images/antialiased_image_white_53.png,53,Gemini1_5Flash,"45
"
3,./generated_images/aliased_image_white_46.png,46,gpt4o,45
3,./generated_images/aliased_image_white_46.png,46,LLaMA,"user

Estimate the angle (range: 0-90 degrees). Number only. No explanation.assistant

75"
3,./generated_images/aliased_image_white_46.png,46,GeminiProVision,"20
"
3,./generated_images/aliased_image_white_46.png,46,Gemini1_5Flash,"45
"
3,./generated_images/aliased_image_black_53.png,53,gpt4o,45
3,./generated_images/aliased_image_black_53.png,53,LLaMA,"user

Estimate the angle (range: 0-90 degrees). Number only. No explanation.assistant

45"
3,./generated_images/aliased_image_black_53.png,53,GeminiProVision,"20
"
3,./generated_images/aliased_image_black_53.png,53,Gemini1_5Flash,"45
"
3,./generated_images/antialiased_image_black_46.png,46,gpt4o,45
3,./generated_images/antialiased_image_black_46.png,46,LLaMA,"user

Estimate the angle (range: 0-90 degrees). Number only. No explanation.assistant

60"
3,./generated_images/antialiased_image_black_46.png,46,GeminiProVision,45
3,./generated_images/antialiased_image_black_46.png,46,Gemini1_5Flash,"45
"
3,./generated_images/vectorized_image_black_17.pdf,17,gpt4o,30
3,./generated_images/vectorized_image_black_17.pdf,17,LLaMA,"user

Estimate the angle (range: 0-90 degrees). Number only. No explanation.assistant

The information in the image is:

* A graphic of a right angle () is provided.
* The task is to estimate the angle in degrees, with a specified range of 0-90 degrees.
* A numerical answer is requested, without any explanation or additional context. 
## Step 1
The angle given in the image is a right angle, which is typically 90 degrees.

## Step 2
No further calculations or estimations are needed since the angle is a standard angle.

The final answer is: $\boxed{90}$"
3,./generated_images/vectorized_image_black_17.pdf,17,GeminiProVision,"20
"
3,./generated_images/vectorized_image_black_17.pdf,17,Gemini1_5Flash,"45
"
3,./generated_images/aliased_image_black_21.png,21,gpt4o,30
3,./generated_images/aliased_image_black_21.png,21,LLaMA,"user

Estimate the angle (range: 0-90 degrees). Number only. No explanation.assistant

45"
3,./generated_images/aliased_image_black_21.png,21,GeminiProVision,"45
"
3,./generated_images/aliased_image_black_21.png,21,Gemini1_5Flash,"45
"
3,./generated_images/antialiased_image_white_13.png,13,gpt4o,45
3,./generated_images/antialiased_image_white_13.png,13,LLaMA,"user

Estimate the angle (range: 0-90 degrees). Number only. No explanation.assistant

53"
3,./generated_images/antialiased_image_white_13.png,13,GeminiProVision,25
3,./generated_images/antialiased_image_white_13.png,13,Gemini1_5Flash,"30
"
3,./generated_images/vectorized_image_black_10.pdf,10,gpt4o,30
3,./generated_images/vectorized_image_black_10.pdf,10,LLaMA,"user

Estimate the angle (range: 0-90 degrees). Number only. No explanation.assistant

The information in the image is:

* A diagram showing a line segment forming an angle with the x-axis.
* The angle is formed by the intersection of the line segment with the x-axis.
* The angle is labeled with a small arrowhead at its vertex.
* The angle is depicted in a 2D coordinate plane with axes labeled.
* The angle is drawn in a way that suggests it is a right angle (90 degrees), but the exact measure is not explicitly stated. 
## 90
The final answer is: $\boxed{90}$"
3,./generated_images/vectorized_image_black_10.pdf,10,GeminiProVision,"45
"
3,./generated_images/vectorized_image_black_10.pdf,10,Gemini1_5Flash,"45
"
3,./generated_images/vectorized_image_white_30.pdf,30,gpt4o,45
3,./generated_images/vectorized_image_white_30.pdf,30,LLaMA,"user

Estimate the angle (range: 0-90 degrees). Number only. No explanation.assistant

78"
3,./generated_images/vectorized_image_white_30.pdf,30,GeminiProVision,"20
"
3,./generated_images/vectorized_image_white_30.pdf,30,Gemini1_5Flash,"30
"
